4pink_diamond_m_1,4pink_diamond_m_2,POLO NS.5000 PINK DIAMOND,เสื้อโปโลชาย รหัส NS.5000 สีบานเย็นไดมอนด์,380 ฿,#,LASTEST PRODUCT,สินค้าล่าสุด,break,break,break,break,break,break
7blue_sapphire_m_1,7blue_sapphire_m_2,POLO NS.5000 BLUE SAPPHIRE,เสื้อโปโลชาย รหัส NS.5000 สีน้ำเงินซัฟไฟร์,380 ฿,#,break,break,,,,,,
9blue_topaz_m_1,9blue_topaz_m_2,POLO NS.5000 BLUE TOPAZ,เสื้อโปโลชาย รหัส NS.5000 สีฟ้าโทปาส,380 ฿,#,,,,,,,,
11dark_navy_blue__m_1,11dark_navy_blue__m_2,POLO NS.5000 DARK NAVY BLUE,เสื้อโปโลชาย รหัส NS.5000 สีกรมเข้ม,380 ฿,#,,,,,,,,
1white_f_1,1white_f_2,POLO NS.5000 WHITE,เสื้อโปโลหญิง รหัส NS.5000 สีขาว,380 ฿,#,,,,,,,,
3orange_songea_f_1,3orange_songea_f_2,POLO NS.5000 ORANGE SONGEA,เสื้อโปโลหญิง รหัส NS.5000 สีส้มซองเจีย,380 ฿,#,,,,,,,,
6amethyst_f_1,6amethyst_f_2,POLO NS.5000 AMETHYST,เสื้อโปโลหญิง รหัส NS.5000 สีม่วงอาเมทิส,380 ฿,#,,,,,,,,
8green_peridot_f_1,8green_peridot_f_2,POLO NS.5000 GREEN PERIDOT,เสื้อโปโลหญิง รหัส NS.5000 สีเขียวดำริโดต์,380 ฿,#,,,,,,,,
7maroon_1,7maroon_2,T-SHIRT NO.0020 MAROON,เสื้อยืดแฟชั่นคอกลม รหัส NO 0020 สีเลือดหมูใหม่,199 ฿,#,,,,,,,,
9caramel_1,9caramel_2,T-SHIRT NO.0020 CARAMEL,เสื้อยืดแฟชั่นคอกลม รหัส NO 0020 สีคาราเมล,199 ฿,#,,,,,,,,
15deep_sky_blue_1,15deep_sky_blue_2,T-SHIRT NO.0020 DEEP SKY BLUE,เสื้อยืดแฟชั่นคอกลม รหัส NO 0020 สีฟ้าเข้ม,199 ฿,#,,,,,,,,
18green_leaf_1,18green_leaf_2,T-SHIRT NO.0020 GREEN LEAF,เสื้อยืดแฟชั่นคอกลม รหัส NO 0020 สีเขียวตอง,199 ฿,#,,,,,,,,
1white_1,1white_2,T-SHIRT NO.0029 WHITE,เสื้อยืดแฟชั่นคอกลม รหัส NO 0029 สีขาว,199 ฿,#,,,,,,,,
2top_1,2top_2,T-SHIRT NO.0029 GREY MELANGE,เสื้อยืดแฟชั่นคอกลม รหัส NO 0029 สีท็อปดราย,199 ฿,#,,,,,,,,
3black_1,3black_2,T-SHIRT NO.0029 BLACK,เสื้อยืดแฟชั่นคอกลม รหัส NO 0029 สีดำ,199 ฿,#,,,,,,,,
2orange_1,2orange_2,t-shirt ov orange,เสื้อยืดแฟชั่นคอวี รหัส OV สีส้ม,200 ฿,#,,,,,,,,
3caramel_1,3caramel_2,t-shirt ov caramel,เสื้อยืดแฟชั่นคอวี รหัส OV สีคาราเมล,201 ฿,#,,,,,,,,
5pink_1,5pink_2,t-shirt ov pink,เสื้อยืดแฟชั่นคอวี รหัส OV สีชมพู,203 ฿,#,,,,,,,,
8black_1,8black_2,t-shirt ov black,เสื้อยืดแฟชั่นคอวี รหัส OV สีดำ,206 ฿,#,,,,,,,,
2yellow_1,2yellow_2,t-shirt ov.101 yellow father's day,เสื้อยืดแฟชั่นคอกลม รหัส OV.101 สีเหลือวันพ่อ,199 ฿,#,,,,,,,,
8deep_blue_1,8deep_blue_2,t-shirt ov.101 royal blue,เสื้อยืดแฟชั่นคอกลม รหัส OV.101 สีรอยัลบลู,199 ฿,#,,,,,,,,
9mint_1,9mint_2,t-shirt ov.101 mint,เสื้อยืดแฟชั่นคอกลม รหัส OV.101 สีเขียวมิ้นต์,199 ฿,#,,,,,,,,
14_top_1,14_top_2,t-shirt ov.101 grey melange,เสื้อยืดแฟชั่นคอกลม รหัส OV.101 สีท็อปดราย,199 ฿,#,,,,,,,,
break,break,break,break,break,break,,,,,,,,
